post_id,user_id,content,post_type,recipient_id,visible
1,172,etiam faucibus cursus urna ut tellus nulla ut erat,Story,826,true
2,938,lectus pellentesque at nulla suspendisse potenti,Story,45,true
3,627,ut odio cras mi pede malesuada in imperdiet et commodo,Story,677,false
4,474,libero nullam sit amet turpis elementum ligula vehicula consequat morbi,Story,519,true
5,691,elit sodales scelerisque mauris sit amet eros suspendisse accumsan tortor,Story,574,false
6,39,dictumst aliquam augue quam sollicitudin vitae,Message,161,false
7,677,cursus urna ut tellus nulla,Message,79,true
8,532,mauris laoreet ut rhoncus aliquet pulvinar sed nisl nunc,Message,297,true
9,141,non mauris morbi non lectus aliquam sit amet diam in,Story,742,false
10,139,justo maecenas rhoncus aliquam lacus,Message,105,false
11,226,dolor quis odio consequat varius integer ac leo pellentesque,Message,273,true
12,987,duis ac nibh fusce lacus,Story,804,true
13,251,id ligula suspendisse ornare consequat lectus in est risus,Message,237,false
14,513,felis sed lacus morbi sem mauris laoreet ut rhoncus,Story,981,true
15,452,quam pede lobortis ligula sit amet,Story,696,false
16,706,sit amet nulla quisque arcu libero,Message,277,true
17,526,molestie lorem quisque ut erat curabitur,Story,129,false
18,725,metus sapien ut nunc vestibulum,Story,710,true
19,274,luctus cum sociis natoque penatibus et magnis,Story,116,false
20,233,cras mi pede malesuada in imperdiet et,Story,473,true
21,897,morbi non lectus aliquam sit amet diam in,Message,984,true
22,588,consectetuer eget rutrum at lorem integer tincidunt ante vel,Story,644,true
23,735,ligula in lacus curabitur at,Story,60,true
24,475,luctus et ultrices posuere cubilia,Story,666,false
25,822,lorem ipsum dolor sit amet consectetuer adipiscing elit proin risus,Story,587,true
26,942,mauris eget massa tempor convallis nulla neque,Message,912,true
27,151,duis ac nibh fusce lacus purus aliquet,Message,422,true
28,526,curabitur gravida nisi at nibh in hac habitasse platea,Message,989,true
29,25,in hac habitasse platea dictumst etiam faucibus cursus urna,Message,616,false
30,406,ligula in lacus curabitur at,Story,842,false
31,299,dui vel sem sed sagittis nam,Message,935,true
32,340,cras in purus eu magna vulputate luctus,Story,8,false
33,253,venenatis turpis enim blandit mi in,Message,186,true
34,350,aliquam quis turpis eget elit sodales scelerisque mauris,Message,710,false
35,316,faucibus orci luctus et ultrices posuere cubilia curae mauris viverra,Message,491,false
36,553,justo nec condimentum neque sapien placerat ante nulla justo,Message,766,false
37,737,justo maecenas rhoncus aliquam lacus morbi,Story,464,true
38,983,aliquam augue quam sollicitudin vitae,Story,687,false
39,226,tincidunt eget tempus vel pede morbi porttitor lorem id ligula,Message,465,true
40,185,nullam varius nulla facilisi cras non,Story,679,false
41,488,adipiscing elit proin risus praesent lectus,Story,613,false
42,808,est congue elementum in hac habitasse platea dictumst,Message,523,true
43,577,nec sem duis aliquam convallis nunc,Message,634,true
44,567,velit eu est congue elementum in hac,Story,333,false
45,854,tincidunt nulla mollis molestie lorem quisque ut erat curabitur gravida,Message,172,false
46,899,ac lobortis vel dapibus at diam nam tristique,Story,784,false
47,443,adipiscing elit proin interdum mauris,Story,899,false
48,677,tortor id nulla ultrices aliquet maecenas leo,Story,640,true
49,178,in faucibus orci luctus et ultrices posuere cubilia curae,Message,641,true
50,290,odio consequat varius integer ac leo,Message,268,true
51,864,ultrices posuere cubilia curae donec pharetra magna,Story,92,true
52,984,pede malesuada in imperdiet et commodo vulputate,Story,678,false
53,765,diam cras pellentesque volutpat dui maecenas tristique est,Message,32,true
54,279,nec sem duis aliquam convallis nunc proin at turpis a,Message,587,true
55,806,maecenas tincidunt lacus at velit,Message,181,false
56,232,orci luctus et ultrices posuere cubilia,Story,47,true
57,642,ut nulla sed accumsan felis ut at dolor,Message,372,true
58,728,tincidunt in leo maecenas pulvinar,Story,969,true
59,254,est quam pharetra magna ac,Story,705,true
60,752,in hac habitasse platea dictumst maecenas ut,Message,207,false
61,641,erat vestibulum sed magna at nunc,Message,292,true
62,695,augue luctus tincidunt nulla mollis molestie lorem quisque ut erat,Story,480,true
63,634,a odio in hac habitasse,Message,559,false
64,171,turpis donec posuere metus vitae ipsum aliquam non mauris,Story,696,true
65,432,sem praesent id massa id nisl venenatis lacinia aenean,Story,700,false
66,18,non lectus aliquam sit amet diam,Story,411,true
67,663,massa volutpat convallis morbi odio odio,Story,939,false
68,927,nulla pede ullamcorper augue a,Story,756,false
69,992,molestie nibh in lectus pellentesque at nulla suspendisse potenti cras,Message,845,false
70,154,justo sollicitudin ut suscipit a feugiat et,Story,984,true
71,964,lorem ipsum dolor sit amet consectetuer adipiscing elit proin,Story,283,true
72,317,ultricies eu nibh quisque id,Story,660,false
73,744,cursus urna ut tellus nulla ut erat id mauris,Message,404,false
74,569,massa tempor convallis nulla neque libero convallis eget eleifend luctus,Story,781,false
75,651,non velit nec nisi vulputate,Story,512,true
76,940,ac nulla sed vel enim sit amet nunc viverra,Story,743,false
77,127,nulla facilisi cras non velit nec nisi,Story,570,false
78,565,massa tempor convallis nulla neque libero convallis eget eleifend luctus,Message,796,true
79,328,hendrerit at vulputate vitae nisl aenean,Message,344,false
80,792,vulputate nonummy maecenas tincidunt lacus at velit,Story,500,true
81,383,pede morbi porttitor lorem id ligula suspendisse ornare consequat,Message,81,false
82,428,nulla facilisi cras non velit,Message,573,true
83,367,metus aenean fermentum donec ut mauris eget massa tempor,Message,435,false
84,827,sollicitudin vitae consectetuer eget rutrum at,Story,896,true
85,598,vivamus tortor duis mattis egestas metus,Story,87,true
86,752,mauris laoreet ut rhoncus aliquet,Story,71,true
87,549,lectus aliquam sit amet diam in,Story,39,false
88,286,morbi vestibulum velit id pretium iaculis diam,Message,665,false
89,14,proin risus praesent lectus vestibulum,Message,514,true
90,101,varius ut blandit non interdum in,Message,830,true
91,600,at velit vivamus vel nulla eget eros elementum,Message,72,true
92,84,imperdiet sapien urna pretium nisl ut volutpat sapien arcu sed,Story,268,true
93,64,egestas metus aenean fermentum donec ut mauris eget,Message,920,false
94,264,erat volutpat in congue etiam justo,Story,166,false
95,240,vestibulum eget vulputate ut ultrices,Message,624,true
96,547,erat quisque erat eros viverra eget congue eget,Message,126,true
97,923,justo aliquam quis turpis eget,Message,372,true
98,741,sit amet diam in magna bibendum imperdiet,Message,5,false
99,853,eget nunc donec quis orci,Message,764,true
100,774,posuere cubilia curae duis faucibus accumsan odio curabitur,Story,374,true
101,550,molestie nibh in lectus pellentesque at nulla suspendisse potenti cras,Message,680,true
102,964,at dolor quis odio consequat varius integer ac leo,Message,8,false
103,825,viverra diam vitae quam suspendisse potenti nullam porttitor lacus at,Message,409,true
104,762,nascetur ridiculus mus vivamus vestibulum sagittis sapien cum,Message,185,false
105,899,curae mauris viverra diam vitae quam suspendisse,Story,549,false
106,223,eu nibh quisque id justo sit amet sapien,Message,514,true
107,623,nulla nisl nunc nisl duis,Story,444,false
108,141,morbi ut odio cras mi pede malesuada in imperdiet,Message,805,true
109,904,curabitur at ipsum ac tellus semper interdum mauris,Message,905,false
110,900,magnis dis parturient montes nascetur ridiculus mus,Story,263,true
111,914,et ultrices posuere cubilia curae duis faucibus accumsan,Story,395,true
112,469,montes nascetur ridiculus mus etiam vel augue vestibulum rutrum,Message,71,false
113,184,massa id lobortis convallis tortor,Story,336,true
114,985,at dolor quis odio consequat varius integer ac leo,Message,117,true
115,631,aliquam erat volutpat in congue etiam justo etiam,Story,865,false
116,534,ornare consequat lectus in est risus auctor sed tristique in,Message,978,true
117,548,justo morbi ut odio cras mi pede malesuada in imperdiet,Story,657,true
118,601,quisque porta volutpat erat quisque erat eros viverra eget congue,Story,374,false
119,923,sit amet justo morbi ut odio cras,Message,510,true
120,127,enim lorem ipsum dolor sit amet consectetuer adipiscing,Message,576,false
121,903,in faucibus orci luctus et ultrices,Story,284,false
122,439,integer a nibh in quis justo maecenas rhoncus,Message,651,true
123,575,felis donec semper sapien a libero nam dui proin,Story,867,true
124,955,tempus sit amet sem fusce consequat nulla nisl nunc nisl,Story,783,false
125,38,lacus curabitur at ipsum ac,Story,36,false
126,288,ipsum primis in faucibus orci luctus et ultrices posuere cubilia,Story,78,true
127,225,nascetur ridiculus mus etiam vel augue vestibulum rutrum rutrum,Message,374,false
128,197,mi sit amet lobortis sapien sapien non mi,Story,875,false
129,343,lacus curabitur at ipsum ac tellus semper interdum mauris,Story,247,false
130,605,cras in purus eu magna,Story,258,false
131,484,aliquet at feugiat non pretium,Story,97,true
132,586,fusce posuere felis sed lacus morbi sem,Message,879,true
133,398,massa tempor convallis nulla neque libero convallis eget eleifend luctus,Message,345,false
134,241,eleifend pede libero quis orci nullam molestie nibh in lectus,Message,560,false
135,926,urna pretium nisl ut volutpat sapien arcu sed,Message,162,true
136,977,ac consequat metus sapien ut nunc vestibulum ante ipsum primis,Message,466,true
137,133,mauris non ligula pellentesque ultrices phasellus id sapien in sapien,Message,832,false
138,886,condimentum id luctus nec molestie sed justo pellentesque viverra pede,Story,372,false
139,975,convallis nulla neque libero convallis eget eleifend luctus,Story,377,false
140,898,mi integer ac neque duis bibendum,Message,43,false
141,347,dui maecenas tristique est et tempus semper est,Story,573,false
142,873,hac habitasse platea dictumst maecenas ut massa quis augue luctus,Story,206,true
143,343,ac consequat metus sapien ut nunc vestibulum ante ipsum,Message,828,true
144,595,nec nisi volutpat eleifend donec ut dolor morbi vel,Message,415,false
145,960,hendrerit at vulputate vitae nisl aenean,Message,91,false
146,418,fusce posuere felis sed lacus morbi sem mauris laoreet ut,Story,646,false
147,495,nisl duis bibendum felis sed,Story,795,false
148,623,amet consectetuer adipiscing elit proin interdum mauris non ligula,Message,99,true
149,340,proin interdum mauris non ligula pellentesque ultrices phasellus id,Story,385,false
150,630,bibendum morbi non quam nec,Story,948,false
151,310,et tempus semper est quam,Story,947,true
152,673,sapien arcu sed augue aliquam erat volutpat in,Message,18,false
153,678,volutpat erat quisque erat eros viverra eget congue,Message,940,true
154,548,ante vestibulum ante ipsum primis in faucibus orci,Message,293,true
155,117,amet turpis elementum ligula vehicula consequat,Story,634,false
156,392,bibendum imperdiet nullam orci pede,Story,441,true
157,595,quis justo maecenas rhoncus aliquam lacus morbi quis tortor id,Message,113,false
158,530,primis in faucibus orci luctus et,Message,624,false
159,237,odio elementum eu interdum eu tincidunt in leo maecenas pulvinar,Story,803,false
160,356,convallis tortor risus dapibus augue vel accumsan,Message,989,false
161,723,lacus at velit vivamus vel,Story,731,false
162,597,in est risus auctor sed tristique in tempus,Message,380,false
163,268,lectus pellentesque at nulla suspendisse potenti cras in,Story,651,false
164,67,nam congue risus semper porta volutpat quam pede lobortis ligula,Story,54,true
165,483,ut odio cras mi pede malesuada in,Story,215,true
166,535,felis sed lacus morbi sem mauris laoreet,Story,489,true
167,653,in congue etiam justo etiam pretium iaculis justo in,Story,537,true
168,944,felis donec semper sapien a libero nam dui,Message,609,true
169,184,imperdiet nullam orci pede venenatis non sodales sed,Story,610,true
170,348,dui vel sem sed sagittis nam congue risus semper porta,Story,801,true
171,651,sodales sed tincidunt eu felis,Message,883,false
172,860,consectetuer eget rutrum at lorem integer tincidunt ante vel,Message,534,true
173,881,ultrices erat tortor sollicitudin mi sit amet lobortis sapien,Message,63,true
174,705,ultrices posuere cubilia curae donec pharetra,Story,181,false
175,686,faucibus orci luctus et ultrices posuere cubilia curae,Story,261,true
176,872,morbi vel lectus in quam fringilla rhoncus mauris enim leo,Message,327,false
177,922,eu massa donec dapibus duis at velit eu est congue,Story,332,false
178,353,elementum nullam varius nulla facilisi cras non velit nec nisi,Message,730,false
179,850,in felis donec semper sapien a libero nam,Story,203,false
180,250,nulla quisque arcu libero rutrum ac lobortis vel dapibus,Story,537,false
181,344,vitae mattis nibh ligula nec sem duis aliquam,Story,649,true
182,2,commodo placerat praesent blandit nam nulla,Story,252,false
183,401,ac tellus semper interdum mauris ullamcorper purus sit,Story,555,false
184,493,nulla neque libero convallis eget,Story,462,true
185,322,quis justo maecenas rhoncus aliquam lacus morbi quis tortor id,Message,127,true
186,707,eget orci vehicula condimentum curabitur in libero ut,Message,619,false
187,233,ut odio cras mi pede malesuada in imperdiet et,Message,426,false
188,902,sed sagittis nam congue risus semper,Message,960,true
189,569,blandit lacinia erat vestibulum sed magna at nunc,Story,45,true
190,615,nulla suspendisse potenti cras in purus eu,Story,808,false
191,439,hendrerit at vulputate vitae nisl aenean lectus pellentesque eget nunc,Story,476,false
192,825,ultrices vel augue vestibulum ante ipsum,Message,116,true
193,15,quam nec dui luctus rutrum,Story,66,false
194,639,a libero nam dui proin leo odio porttitor,Message,578,false
195,492,quis orci nullam molestie nibh in lectus,Message,572,true
196,757,non sodales sed tincidunt eu felis fusce posuere,Story,378,true
197,867,ut odio cras mi pede malesuada in,Message,615,false
198,183,amet eros suspendisse accumsan tortor quis,Story,519,true
199,88,mauris ullamcorper purus sit amet nulla quisque arcu,Story,669,true
200,364,nulla quisque arcu libero rutrum ac lobortis,Message,264,false
201,828,morbi sem mauris laoreet ut rhoncus aliquet pulvinar sed nisl,Story,729,false
202,989,nulla sed vel enim sit amet nunc viverra dapibus,Message,756,false
203,427,proin risus praesent lectus vestibulum quam sapien varius ut,Message,9,false
204,498,aliquam quis turpis eget elit sodales,Story,594,false
205,596,nulla ultrices aliquet maecenas leo odio,Message,137,true
206,663,donec posuere metus vitae ipsum aliquam non,Story,695,false
207,879,sollicitudin vitae consectetuer eget rutrum,Story,427,true
208,958,rutrum rutrum neque aenean auctor gravida sem,Message,87,false
209,446,vel ipsum praesent blandit lacinia erat vestibulum sed magna,Story,283,false
210,762,in blandit ultrices enim lorem,Message,265,true
211,624,turpis elementum ligula vehicula consequat,Message,660,false
212,363,congue diam id ornare imperdiet sapien urna,Story,575,true
213,40,ac leo pellentesque ultrices mattis odio,Story,843,false
214,461,quam sapien varius ut blandit non interdum in ante vestibulum,Story,94,true
215,28,at diam nam tristique tortor eu,Story,834,false
216,169,at nulla suspendisse potenti cras in,Message,361,false
217,864,augue vestibulum ante ipsum primis in,Story,228,false
218,78,at feugiat non pretium quis lectus suspendisse,Message,405,false
219,1,accumsan tellus nisi eu orci mauris lacinia,Story,538,false
220,594,curae duis faucibus accumsan odio curabitur convallis,Story,536,false
221,357,morbi porttitor lorem id ligula suspendisse ornare consequat lectus,Message,336,true
222,49,semper rutrum nulla nunc purus phasellus in felis,Message,418,false
223,851,vestibulum ante ipsum primis in faucibus,Message,321,true
224,9,diam id ornare imperdiet sapien urna,Message,401,true
225,640,mi integer ac neque duis bibendum,Story,164,true
226,381,ligula sit amet eleifend pede libero,Message,258,false
227,789,in felis eu sapien cursus,Story,486,false
228,845,gravida sem praesent id massa,Story,184,false
229,174,ut massa quis augue luctus tincidunt nulla mollis molestie lorem,Message,285,false
230,120,turpis nec euismod scelerisque quam turpis adipiscing,Story,514,true
231,767,augue aliquam erat volutpat in congue,Story,837,true
232,284,nisl nunc rhoncus dui vel sem sed sagittis nam congue,Message,147,true
233,399,nam ultrices libero non mattis pulvinar nulla pede,Message,268,true
234,752,facilisi cras non velit nec nisi,Story,272,true
235,685,primis in faucibus orci luctus et ultrices posuere cubilia curae,Message,374,true
236,173,vitae ipsum aliquam non mauris morbi non lectus aliquam sit,Message,454,false
237,6,nulla nunc purus phasellus in felis donec semper sapien,Story,652,true
238,240,nulla justo aliquam quis turpis eget elit,Message,637,true
239,893,diam cras pellentesque volutpat dui,Story,163,false
240,663,consequat varius integer ac leo pellentesque ultrices,Message,535,false
241,733,nec nisi volutpat eleifend donec ut,Message,760,true
242,978,a ipsum integer a nibh in quis justo,Message,204,true
243,500,vel est donec odio justo sollicitudin ut suscipit a feugiat,Message,435,false
244,799,ac leo pellentesque ultrices mattis odio donec vitae nisi nam,Story,954,true
245,668,proin leo odio porttitor id consequat,Story,793,false
246,707,nisi vulputate nonummy maecenas tincidunt lacus,Message,840,true
247,843,massa id nisl venenatis lacinia aenean,Story,746,true
248,754,pede malesuada in imperdiet et commodo vulputate,Story,147,true
249,854,mauris non ligula pellentesque ultrices phasellus id sapien in sapien,Story,801,true
250,751,interdum in ante vestibulum ante ipsum primis in faucibus,Story,408,true
251,879,nulla nisl nunc nisl duis bibendum felis sed interdum venenatis,Story,569,false
252,105,in felis donec semper sapien a libero nam dui proin,Story,836,false
253,366,leo rhoncus sed vestibulum sit,Story,947,false
254,209,sit amet lobortis sapien sapien,Story,354,true
255,771,luctus et ultrices posuere cubilia curae mauris viverra diam,Story,861,false
256,462,a suscipit nulla elit ac nulla sed vel enim sit,Story,384,false
257,8,ante vestibulum ante ipsum primis,Message,548,true
258,807,accumsan odio curabitur convallis duis consequat,Story,831,true
259,681,et commodo vulputate justo in blandit ultrices enim,Story,394,false
260,174,convallis duis consequat dui nec nisi volutpat eleifend,Message,92,false
261,72,vel ipsum praesent blandit lacinia erat vestibulum sed,Message,903,false
262,387,elementum nullam varius nulla facilisi cras non velit nec,Story,933,true
263,962,pellentesque ultrices phasellus id sapien,Message,475,true
264,920,blandit non interdum in ante vestibulum,Message,700,false
265,263,dictumst etiam faucibus cursus urna ut tellus nulla ut,Message,35,true
266,532,ipsum praesent blandit lacinia erat vestibulum sed magna,Story,535,false
267,112,auctor sed tristique in tempus sit amet sem fusce,Message,790,false
268,619,consequat nulla nisl nunc nisl duis bibendum,Message,809,true
269,395,lorem ipsum dolor sit amet,Message,488,false
270,598,quam suspendisse potenti nullam porttitor lacus,Story,902,false
271,915,proin eu mi nulla ac,Story,517,false
272,366,interdum venenatis turpis enim blandit mi in porttitor pede,Story,398,true
273,941,non mattis pulvinar nulla pede,Message,52,false
274,948,tellus nulla ut erat id mauris vulputate,Message,929,false
275,974,ipsum dolor sit amet consectetuer adipiscing elit,Message,519,false
276,763,mus etiam vel augue vestibulum rutrum rutrum neque aenean auctor,Story,439,false
277,285,sit amet erat nulla tempus vivamus in felis eu sapien,Story,385,true
278,258,id lobortis convallis tortor risus dapibus augue vel accumsan tellus,Message,773,true
279,337,luctus et ultrices posuere cubilia curae duis faucibus accumsan odio,Story,161,false
280,377,tellus nisi eu orci mauris,Story,453,false
281,53,ut rhoncus aliquet pulvinar sed nisl nunc rhoncus,Message,795,true
282,484,adipiscing molestie hendrerit at vulputate vitae nisl aenean,Story,258,true
283,469,turpis sed ante vivamus tortor duis mattis egestas,Message,426,false
284,692,primis in faucibus orci luctus et ultrices,Message,501,true
285,841,justo sit amet sapien dignissim vestibulum vestibulum ante,Story,495,true
286,728,consectetuer eget rutrum at lorem,Message,157,true
287,374,nibh in quis justo maecenas rhoncus aliquam,Message,734,false
288,331,curae nulla dapibus dolor vel est donec odio,Message,1000,false
289,15,dui maecenas tristique est et tempus semper est,Story,502,false
290,356,in faucibus orci luctus et ultrices posuere cubilia curae mauris,Message,362,false
291,952,hac habitasse platea dictumst maecenas ut massa quis,Message,518,false
292,574,nullam porttitor lacus at turpis donec posuere metus vitae,Story,445,false
293,945,curabitur at ipsum ac tellus semper interdum mauris ullamcorper,Story,895,true
294,468,lacus morbi sem mauris laoreet ut rhoncus,Story,139,true
295,390,turpis nec euismod scelerisque quam turpis adipiscing lorem,Story,130,true
296,350,quam sollicitudin vitae consectetuer eget rutrum at lorem integer tincidunt,Message,187,false
297,520,primis in faucibus orci luctus,Message,239,false
298,502,dapibus at diam nam tristique,Story,162,false
299,205,vel sem sed sagittis nam congue risus semper porta,Story,96,false
300,357,amet nulla quisque arcu libero,Message,605,false
301,541,duis bibendum felis sed interdum venenatis turpis enim blandit mi,Story,52,true
302,573,felis donec semper sapien a libero nam dui proin,Story,901,true
303,256,pharetra magna ac consequat metus sapien ut nunc,Message,885,true
304,295,adipiscing elit proin risus praesent lectus,Story,762,true
305,453,amet cursus id turpis integer aliquet massa,Story,687,false
306,508,convallis nulla neque libero convallis eget eleifend luctus ultricies eu,Message,535,true
307,366,sem praesent id massa id nisl venenatis lacinia aenean,Story,127,false
308,614,pretium quis lectus suspendisse potenti in eleifend quam a,Message,784,true
309,583,nulla neque libero convallis eget eleifend luctus,Message,835,false
310,533,posuere metus vitae ipsum aliquam non mauris morbi non,Story,344,true
311,207,congue eget semper rutrum nulla,Message,261,true
312,873,ligula vehicula consequat morbi a ipsum integer a,Message,713,false
313,895,at nunc commodo placerat praesent,Story,255,true
314,571,enim leo rhoncus sed vestibulum sit amet cursus id turpis,Message,614,false
315,898,ut blandit non interdum in ante,Story,493,true
316,420,tempus vel pede morbi porttitor,Story,215,false
317,708,diam erat fermentum justo nec condimentum neque sapien placerat ante,Story,343,true
318,944,potenti cras in purus eu magna,Story,380,false
319,685,id pretium iaculis diam erat,Story,393,true
320,315,suscipit nulla elit ac nulla sed vel enim,Story,344,true
321,995,sed ante vivamus tortor duis,Message,243,false
322,294,vel lectus in quam fringilla rhoncus,Story,11,false
323,407,rutrum at lorem integer tincidunt ante vel,Message,518,true
324,973,sit amet lobortis sapien sapien non mi,Message,100,true
325,388,leo odio porttitor id consequat in consequat ut nulla sed,Story,651,true
326,675,rutrum neque aenean auctor gravida sem praesent id massa,Story,167,false
327,223,integer pede justo lacinia eget tincidunt eget,Message,809,false
328,74,nunc vestibulum ante ipsum primis in faucibus,Message,803,false
329,874,elementum in hac habitasse platea dictumst,Message,950,true
330,748,dapibus nulla suscipit ligula in lacus curabitur,Message,776,false
331,13,pellentesque viverra pede ac diam cras pellentesque volutpat dui maecenas,Message,591,true
332,466,et tempus semper est quam pharetra magna ac,Message,74,false
333,848,suscipit a feugiat et eros vestibulum ac,Message,505,false
334,620,mauris enim leo rhoncus sed vestibulum sit amet cursus,Story,921,false
335,26,sed tristique in tempus sit amet,Story,509,true
336,643,vel dapibus at diam nam tristique tortor,Story,152,true
337,224,eu mi nulla ac enim in tempor turpis nec euismod,Story,573,true
338,619,magna vulputate luctus cum sociis natoque penatibus et magnis dis,Message,464,false
339,501,convallis morbi odio odio elementum eu interdum eu tincidunt,Story,582,false
340,228,sapien arcu sed augue aliquam,Story,168,false
341,865,nisl nunc rhoncus dui vel sem sed sagittis,Message,518,false
342,49,nec molestie sed justo pellentesque,Story,440,false
343,851,velit donec diam neque vestibulum eget vulputate,Message,98,true
344,863,in imperdiet et commodo vulputate justo in blandit ultrices,Message,911,false
345,968,semper sapien a libero nam dui proin leo,Story,866,true
346,598,vestibulum sed magna at nunc commodo placerat praesent blandit nam,Message,666,true
347,138,ut at dolor quis odio consequat varius integer ac,Story,790,false
348,850,dui proin leo odio porttitor id consequat in consequat ut,Story,383,false
349,149,vulputate luctus cum sociis natoque penatibus et,Story,735,false
350,727,libero quis orci nullam molestie nibh in lectus pellentesque at,Message,561,false
351,736,aenean fermentum donec ut mauris eget,Message,533,false
352,957,ipsum dolor sit amet consectetuer adipiscing,Story,136,false
353,81,vehicula consequat morbi a ipsum integer a nibh in,Story,140,true
354,252,maecenas pulvinar lobortis est phasellus sit,Message,535,true
355,72,egestas metus aenean fermentum donec,Story,276,false
356,266,lorem quisque ut erat curabitur gravida nisi at nibh,Story,681,false
357,636,eu est congue elementum in hac habitasse platea dictumst morbi,Story,738,false
358,141,rutrum neque aenean auctor gravida sem praesent,Story,465,true
359,213,in lectus pellentesque at nulla,Message,238,false
360,351,justo etiam pretium iaculis justo in hac,Message,35,true
361,206,praesent id massa id nisl,Story,172,true
362,260,natoque penatibus et magnis dis parturient,Message,649,true
363,744,sit amet turpis elementum ligula,Story,502,true
364,550,sapien a libero nam dui proin leo odio,Story,421,true
365,911,tristique est et tempus semper,Story,503,true
366,873,erat quisque erat eros viverra eget congue,Story,315,false
367,462,eleifend luctus ultricies eu nibh quisque id,Message,661,false
368,420,auctor gravida sem praesent id massa id nisl venenatis lacinia,Story,785,false
369,916,ipsum dolor sit amet consectetuer adipiscing elit proin interdum mauris,Message,988,false
370,507,felis sed lacus morbi sem mauris laoreet ut rhoncus,Story,515,true
371,584,pede venenatis non sodales sed tincidunt,Message,956,true
372,677,et eros vestibulum ac est lacinia,Story,242,false
373,46,sit amet nunc viverra dapibus nulla suscipit ligula in lacus,Message,269,true
374,18,volutpat sapien arcu sed augue aliquam erat volutpat in congue,Story,150,true
375,744,sit amet turpis elementum ligula vehicula consequat,Message,294,false
376,201,quis odio consequat varius integer,Message,324,true
377,508,erat nulla tempus vivamus in felis eu sapien cursus vestibulum,Message,296,false
378,865,est congue elementum in hac habitasse platea dictumst morbi vestibulum,Message,824,false
379,397,lectus in est risus auctor sed tristique,Story,557,false
380,115,in sapien iaculis congue vivamus metus arcu adipiscing molestie hendrerit,Story,802,true
381,650,ridiculus mus etiam vel augue,Story,962,false
382,731,eu sapien cursus vestibulum proin eu mi,Story,203,true
383,765,ac lobortis vel dapibus at diam,Story,435,true
384,972,elementum pellentesque quisque porta volutpat erat quisque,Story,106,true
385,876,id ornare imperdiet sapien urna pretium,Story,960,true
386,682,nascetur ridiculus mus etiam vel augue vestibulum rutrum rutrum neque,Story,237,true
387,328,morbi vestibulum velit id pretium iaculis,Story,454,false
388,287,rhoncus sed vestibulum sit amet cursus id turpis integer,Story,640,false
389,666,ultrices libero non mattis pulvinar nulla pede ullamcorper augue,Message,19,false
390,635,id luctus nec molestie sed justo,Message,147,false
391,816,odio porttitor id consequat in consequat ut nulla sed accumsan,Message,769,false
392,533,lorem integer tincidunt ante vel ipsum praesent,Message,883,true
393,954,parturient montes nascetur ridiculus mus etiam,Story,488,true
394,163,suspendisse accumsan tortor quis turpis sed,Story,535,false
395,859,diam id ornare imperdiet sapien urna pretium nisl ut volutpat,Story,961,true
396,734,penatibus et magnis dis parturient montes,Message,773,true
397,364,ac nulla sed vel enim sit,Message,41,true
398,643,sollicitudin ut suscipit a feugiat et,Message,318,true
399,122,dictumst etiam faucibus cursus urna ut tellus,Story,533,true
400,889,vestibulum sit amet cursus id turpis integer aliquet massa id,Story,164,false
401,579,a feugiat et eros vestibulum,Story,847,true
402,876,orci luctus et ultrices posuere cubilia curae duis faucibus,Story,460,false
403,918,vel accumsan tellus nisi eu orci mauris lacinia sapien quis,Message,784,false
404,295,volutpat erat quisque erat eros,Message,671,true
405,14,non velit donec diam neque vestibulum,Story,308,false
406,258,et ultrices posuere cubilia curae duis faucibus accumsan,Message,742,true
407,24,molestie nibh in lectus pellentesque at nulla,Message,817,true
408,810,condimentum id luctus nec molestie sed justo,Message,254,false
409,762,quam turpis adipiscing lorem vitae mattis nibh ligula nec sem,Message,776,false
410,579,nam congue risus semper porta volutpat quam pede,Message,467,false
411,120,integer tincidunt ante vel ipsum praesent blandit lacinia erat,Message,963,false
412,692,ipsum ac tellus semper interdum mauris ullamcorper purus sit,Story,157,true
413,479,feugiat et eros vestibulum ac est lacinia nisi venenatis,Message,849,true
414,736,duis mattis egestas metus aenean,Message,735,true
415,957,tempus vel pede morbi porttitor,Message,964,true
416,931,hac habitasse platea dictumst aliquam,Story,919,false
417,209,cras mi pede malesuada in imperdiet et commodo vulputate justo,Message,367,false
418,292,tortor duis mattis egestas metus,Message,700,false
419,102,non sodales sed tincidunt eu felis fusce,Story,762,false
420,277,maecenas pulvinar lobortis est phasellus sit amet erat,Story,709,true
421,27,a ipsum integer a nibh,Message,140,false
422,654,nulla ultrices aliquet maecenas leo odio condimentum id,Message,115,true
423,22,pulvinar sed nisl nunc rhoncus dui vel sem sed,Message,268,false
424,276,nunc nisl duis bibendum felis sed,Message,226,true
425,16,ipsum dolor sit amet consectetuer adipiscing elit proin,Story,533,true
426,752,posuere cubilia curae mauris viverra diam vitae,Story,168,false
427,61,id luctus nec molestie sed justo pellentesque viverra,Story,993,false
428,915,nascetur ridiculus mus etiam vel,Message,528,false
429,414,odio odio elementum eu interdum eu tincidunt in leo,Story,493,false
430,364,purus sit amet nulla quisque,Message,578,false
431,967,congue etiam justo etiam pretium iaculis justo in,Story,901,false
432,509,fusce congue diam id ornare imperdiet sapien urna pretium,Message,256,false
433,358,vulputate luctus cum sociis natoque penatibus,Story,924,true
434,188,odio curabitur convallis duis consequat,Message,652,true
435,526,nam congue risus semper porta volutpat quam pede lobortis ligula,Message,547,true
436,865,sapien cursus vestibulum proin eu,Story,913,false
437,187,in faucibus orci luctus et ultrices posuere cubilia curae donec,Story,333,false
438,406,at vulputate vitae nisl aenean,Story,977,false
439,952,aliquet at feugiat non pretium quis lectus suspendisse potenti,Message,859,true
440,866,mattis pulvinar nulla pede ullamcorper augue,Story,683,false
441,488,amet eros suspendisse accumsan tortor quis turpis sed ante vivamus,Story,119,false
442,311,tortor id nulla ultrices aliquet maecenas leo odio condimentum,Message,262,false
443,920,turpis donec posuere metus vitae ipsum aliquam non mauris,Story,764,false
444,436,congue eget semper rutrum nulla,Story,56,false
445,837,libero ut massa volutpat convallis morbi odio,Story,753,true
446,474,quam a odio in hac habitasse platea,Message,883,true
447,161,ut massa quis augue luctus tincidunt nulla mollis molestie,Message,201,false
448,360,orci luctus et ultrices posuere cubilia curae duis faucibus,Story,797,true
449,527,consequat lectus in est risus auctor sed tristique in,Story,78,false
450,615,congue eget semper rutrum nulla nunc,Message,929,false
451,990,ac neque duis bibendum morbi non quam nec dui,Story,601,true
452,870,ac neque duis bibendum morbi non quam nec,Message,398,false
453,449,non mi integer ac neque duis bibendum morbi,Story,296,true
454,256,luctus nec molestie sed justo pellentesque viverra,Message,988,false
455,977,justo sit amet sapien dignissim vestibulum vestibulum,Message,389,true
456,111,consequat morbi a ipsum integer,Story,803,false
457,964,ac nibh fusce lacus purus aliquet,Story,974,true
458,655,nam congue risus semper porta volutpat quam pede lobortis,Message,539,false
459,775,curabitur at ipsum ac tellus semper interdum mauris ullamcorper,Story,131,true
460,945,lobortis est phasellus sit amet erat nulla tempus vivamus in,Message,692,true
461,321,quam pede lobortis ligula sit amet eleifend pede libero,Message,145,false
462,592,justo in blandit ultrices enim lorem ipsum dolor,Message,244,true
463,87,elementum nullam varius nulla facilisi,Message,747,false
464,876,tellus in sagittis dui vel nisl duis ac,Message,228,false
465,663,nulla tempus vivamus in felis eu,Message,3,true
466,618,in quis justo maecenas rhoncus aliquam,Story,163,false
467,800,quam a odio in hac habitasse platea dictumst maecenas ut,Story,54,true
468,918,vel sem sed sagittis nam congue risus,Message,990,true
469,473,consequat morbi a ipsum integer a nibh in quis justo,Story,659,true
470,946,nam congue risus semper porta volutpat quam pede lobortis ligula,Message,948,true
471,569,turpis elementum ligula vehicula consequat morbi a ipsum integer a,Message,582,true
472,912,nulla tellus in sagittis dui vel nisl,Message,721,false
473,121,augue vel accumsan tellus nisi eu orci mauris,Story,561,true
474,521,pellentesque volutpat dui maecenas tristique est et tempus semper est,Story,340,true
475,398,tincidunt eu felis fusce posuere felis sed,Story,195,false
476,696,facilisi cras non velit nec nisi vulputate nonummy,Story,839,false
477,842,amet justo morbi ut odio cras mi,Story,306,false
478,56,mus etiam vel augue vestibulum,Story,387,true
479,988,tortor sollicitudin mi sit amet lobortis,Message,329,true
480,11,luctus cum sociis natoque penatibus et,Story,48,false
481,221,faucibus accumsan odio curabitur convallis duis consequat dui nec,Story,350,true
482,40,pellentesque ultrices mattis odio donec,Message,709,false
483,952,ante nulla justo aliquam quis turpis eget elit sodales scelerisque,Message,441,false
484,665,ipsum primis in faucibus orci,Story,380,false
485,357,nulla suspendisse potenti cras in purus,Story,242,true
486,137,sit amet turpis elementum ligula,Story,604,true
487,345,viverra eget congue eget semper rutrum nulla,Message,125,false
488,588,et tempus semper est quam,Message,868,true
489,483,in faucibus orci luctus et ultrices,Message,27,true
490,562,felis sed interdum venenatis turpis,Story,221,false
491,518,tristique fusce congue diam id,Story,167,true
492,447,platea dictumst maecenas ut massa quis,Message,264,true
493,200,luctus et ultrices posuere cubilia,Message,129,false
494,37,congue etiam justo etiam pretium iaculis justo in hac habitasse,Message,610,true
495,125,eleifend donec ut dolor morbi vel,Story,2,true
496,357,justo eu massa donec dapibus duis at velit eu est,Message,213,false
497,87,elit ac nulla sed vel,Story,567,false
498,212,sed nisl nunc rhoncus dui vel,Story,964,false
499,645,augue vestibulum ante ipsum primis in faucibus,Story,967,true
500,732,eget vulputate ut ultrices vel augue vestibulum ante ipsum primis,Story,646,true
501,402,enim sit amet nunc viverra dapibus nulla suscipit,Story,410,false
502,63,at dolor quis odio consequat varius integer,Story,875,false
503,873,fermentum donec ut mauris eget massa tempor convallis nulla,Message,825,false
504,595,habitasse platea dictumst aliquam augue quam sollicitudin vitae consectetuer,Story,136,false
505,681,et commodo vulputate justo in blandit ultrices enim lorem,Message,594,true
506,502,posuere cubilia curae mauris viverra diam vitae quam,Message,480,false
507,338,convallis morbi odio odio elementum,Story,41,false
508,491,dis parturient montes nascetur ridiculus mus etiam,Story,462,true
509,949,ut nunc vestibulum ante ipsum primis,Story,898,false
510,60,volutpat erat quisque erat eros,Message,801,true
511,838,at dolor quis odio consequat varius integer,Message,189,false
512,268,semper est quam pharetra magna ac consequat metus sapien ut,Story,467,true
513,172,amet nunc viverra dapibus nulla suscipit,Message,175,true
514,963,non mi integer ac neque duis bibendum,Message,840,true
515,224,luctus tincidunt nulla mollis molestie lorem quisque ut erat curabitur,Story,564,false
516,882,tempus semper est quam pharetra magna ac consequat metus,Message,233,false
517,980,non velit donec diam neque vestibulum eget vulputate,Story,769,false
518,780,at velit vivamus vel nulla eget eros,Message,459,false
519,854,dolor sit amet consectetuer adipiscing elit proin risus praesent lectus,Message,68,false
520,79,enim lorem ipsum dolor sit amet,Message,638,false
521,612,non quam nec dui luctus,Message,72,false
522,102,odio consequat varius integer ac leo,Story,127,false
523,624,nisi eu orci mauris lacinia,Message,754,true
524,987,faucibus orci luctus et ultrices,Message,783,true
525,231,suspendisse potenti nullam porttitor lacus,Message,58,false
526,569,fringilla rhoncus mauris enim leo rhoncus,Story,89,false
527,844,purus sit amet nulla quisque arcu libero rutrum ac lobortis,Story,472,false
528,374,tincidunt eu felis fusce posuere felis sed,Story,267,false
529,963,vestibulum ante ipsum primis in faucibus orci luctus et,Message,811,false
530,37,dolor sit amet consectetuer adipiscing elit proin risus praesent lectus,Message,541,false
531,465,orci luctus et ultrices posuere,Story,950,false
532,55,justo aliquam quis turpis eget,Story,827,true
533,584,ipsum aliquam non mauris morbi non lectus aliquam sit amet,Story,629,true
534,493,morbi porttitor lorem id ligula suspendisse ornare consequat lectus,Story,205,false
535,916,pulvinar nulla pede ullamcorper augue a suscipit nulla,Story,921,true
536,504,nisl nunc nisl duis bibendum felis sed interdum venenatis turpis,Message,324,true
537,254,ac est lacinia nisi venenatis tristique fusce congue diam id,Story,200,false
538,615,nulla sed accumsan felis ut at dolor quis,Message,489,true
539,954,eu sapien cursus vestibulum proin eu mi nulla ac enim,Story,319,true
540,360,dignissim vestibulum vestibulum ante ipsum primis in faucibus orci luctus,Story,83,false
541,274,pulvinar sed nisl nunc rhoncus,Message,61,true
542,191,nulla sed vel enim sit amet nunc viverra dapibus nulla,Story,438,false
543,559,ipsum primis in faucibus orci luctus et ultrices,Message,172,false
544,160,sapien arcu sed augue aliquam erat volutpat in,Story,92,false
545,765,quisque ut erat curabitur gravida nisi,Message,834,false
546,227,maecenas ut massa quis augue,Story,478,true
547,710,in porttitor pede justo eu massa donec dapibus duis,Message,300,true
548,371,ultrices mattis odio donec vitae,Story,881,false
549,810,nulla integer pede justo lacinia eget tincidunt eget tempus vel,Story,337,false
550,698,convallis morbi odio odio elementum eu interdum eu,Story,644,true
551,533,justo in hac habitasse platea dictumst etiam faucibus cursus urna,Message,47,true
552,505,ultricies eu nibh quisque id justo sit,Message,732,true
553,908,sed ante vivamus tortor duis mattis egestas metus aenean fermentum,Story,527,false
554,989,id massa id nisl venenatis lacinia aenean,Story,539,false
555,444,vivamus metus arcu adipiscing molestie hendrerit at vulputate vitae nisl,Story,857,false
556,497,sit amet consectetuer adipiscing elit proin interdum mauris non,Message,972,false
557,447,lacus morbi quis tortor id nulla ultrices aliquet maecenas leo,Message,884,false
558,542,et ultrices posuere cubilia curae mauris viverra,Message,648,true
559,803,dis parturient montes nascetur ridiculus mus etiam vel augue vestibulum,Story,239,false
560,517,sit amet consectetuer adipiscing elit proin,Message,714,true
561,904,aliquam sit amet diam in magna bibendum imperdiet,Message,392,true
562,349,sapien urna pretium nisl ut volutpat sapien,Message,258,true
563,968,montes nascetur ridiculus mus vivamus vestibulum sagittis sapien,Message,374,false
564,357,proin interdum mauris non ligula pellentesque,Story,865,false
565,971,elementum eu interdum eu tincidunt in leo,Message,769,true
566,665,imperdiet nullam orci pede venenatis non sodales sed tincidunt,Message,362,false
567,899,sapien quis libero nullam sit amet,Story,189,false
568,609,ornare imperdiet sapien urna pretium nisl ut,Story,718,false
569,891,pellentesque quisque porta volutpat erat quisque erat eros viverra,Message,234,false
570,327,non lectus aliquam sit amet diam in magna bibendum imperdiet,Story,834,false
571,485,sapien varius ut blandit non,Story,316,false
572,783,libero non mattis pulvinar nulla pede ullamcorper augue a,Story,367,false
573,687,elit proin interdum mauris non ligula pellentesque ultrices phasellus id,Message,396,false
574,868,odio in hac habitasse platea dictumst maecenas ut massa,Story,583,false
575,816,faucibus orci luctus et ultrices posuere cubilia curae mauris viverra,Message,977,true
576,351,vestibulum ante ipsum primis in,Story,845,false
577,586,at turpis donec posuere metus vitae ipsum,Story,316,false
578,727,quisque arcu libero rutrum ac lobortis vel dapibus at,Story,117,false
579,636,vestibulum ante ipsum primis in,Message,971,false
580,511,convallis nulla neque libero convallis,Story,477,false
581,803,etiam justo etiam pretium iaculis justo in hac habitasse,Message,988,false
582,149,ac est lacinia nisi venenatis tristique fusce,Message,598,false
583,355,vitae ipsum aliquam non mauris morbi non lectus,Story,754,true
584,416,nunc nisl duis bibendum felis sed interdum,Message,608,true
585,9,a feugiat et eros vestibulum,Message,34,false
586,877,vulputate luctus cum sociis natoque penatibus,Story,649,false
587,467,risus dapibus augue vel accumsan tellus nisi,Story,679,false
588,255,in hac habitasse platea dictumst aliquam augue quam sollicitudin,Message,439,false
589,853,proin risus praesent lectus vestibulum,Story,65,true
590,969,pulvinar sed nisl nunc rhoncus,Message,6,true
591,778,vestibulum velit id pretium iaculis diam erat fermentum justo nec,Story,569,false
592,698,vestibulum ante ipsum primis in faucibus,Message,555,true
593,974,massa tempor convallis nulla neque libero convallis eget eleifend luctus,Story,525,false
594,497,id nisl venenatis lacinia aenean sit,Story,110,false
595,587,sollicitudin vitae consectetuer eget rutrum at,Message,482,true
596,503,nisi nam ultrices libero non mattis pulvinar,Message,37,false
597,860,in magna bibendum imperdiet nullam orci,Message,347,true
598,214,amet sem fusce consequat nulla nisl nunc nisl,Story,620,false
599,477,et ultrices posuere cubilia curae mauris viverra,Message,247,true
600,680,in est risus auctor sed tristique,Message,406,false
601,924,vitae quam suspendisse potenti nullam porttitor lacus at turpis donec,Message,652,true
602,660,blandit nam nulla integer pede justo,Message,298,true
603,269,dignissim vestibulum vestibulum ante ipsum primis,Message,410,true
604,655,porttitor id consequat in consequat ut nulla sed accumsan,Story,696,true
605,740,elementum nullam varius nulla facilisi cras,Message,161,false
606,66,pellentesque quisque porta volutpat erat,Story,489,false
607,636,proin eu mi nulla ac enim in,Message,944,false
608,580,nascetur ridiculus mus etiam vel augue vestibulum rutrum rutrum,Message,612,true
609,852,vitae ipsum aliquam non mauris morbi non lectus aliquam sit,Message,310,true
610,627,sapien ut nunc vestibulum ante ipsum primis,Story,288,false
611,25,eget elit sodales scelerisque mauris sit amet,Message,669,false
612,184,suspendisse accumsan tortor quis turpis sed ante vivamus tortor duis,Story,108,true
613,63,orci luctus et ultrices posuere cubilia curae,Story,621,true
614,721,varius ut blandit non interdum in ante vestibulum ante ipsum,Story,130,true
615,693,luctus cum sociis natoque penatibus et magnis dis parturient montes,Message,290,false
616,410,convallis duis consequat dui nec,Story,739,false
617,454,faucibus orci luctus et ultrices,Message,447,true
618,48,pellentesque volutpat dui maecenas tristique,Story,591,true
619,864,luctus et ultrices posuere cubilia curae mauris viverra diam vitae,Message,558,true
620,883,lorem ipsum dolor sit amet consectetuer adipiscing elit proin,Message,314,true
621,508,magna vestibulum aliquet ultrices erat,Message,585,false
622,221,magnis dis parturient montes nascetur ridiculus mus,Story,252,true
623,664,donec posuere metus vitae ipsum,Story,744,false
624,860,congue elementum in hac habitasse platea dictumst morbi vestibulum,Story,551,true
625,331,blandit ultrices enim lorem ipsum,Message,650,false
626,369,nulla justo aliquam quis turpis eget elit,Message,240,false
627,174,vestibulum rutrum rutrum neque aenean auctor gravida sem praesent,Message,108,true
628,976,nulla justo aliquam quis turpis,Message,757,true
629,817,metus sapien ut nunc vestibulum ante ipsum primis,Story,285,true
630,85,tincidunt eu felis fusce posuere felis sed lacus morbi,Message,832,true
631,737,eros elementum pellentesque quisque porta volutpat,Story,685,false
632,557,sollicitudin ut suscipit a feugiat,Message,280,true
633,656,in magna bibendum imperdiet nullam orci,Story,864,true
634,210,in felis donec semper sapien,Message,201,true
635,477,sapien cursus vestibulum proin eu mi,Message,525,true
636,576,consequat in consequat ut nulla sed,Story,87,false
637,450,amet justo morbi ut odio cras mi pede malesuada,Story,241,true
638,500,id ornare imperdiet sapien urna pretium nisl ut volutpat,Message,726,true
639,848,vitae mattis nibh ligula nec sem duis,Message,697,true
640,60,in faucibus orci luctus et ultrices,Story,91,true
641,588,blandit non interdum in ante vestibulum ante ipsum primis in,Story,889,true
642,443,mattis nibh ligula nec sem duis aliquam convallis,Message,944,false
643,254,lectus aliquam sit amet diam in,Story,890,false
644,271,id lobortis convallis tortor risus dapibus,Message,535,false
645,317,nibh in lectus pellentesque at nulla suspendisse potenti cras,Story,84,true
646,97,quis turpis eget elit sodales scelerisque mauris sit,Story,147,false
647,540,nullam molestie nibh in lectus,Message,52,true
648,36,vestibulum ante ipsum primis in faucibus orci luctus et ultrices,Message,254,true
649,760,mauris morbi non lectus aliquam sit amet,Message,761,false
650,305,elit ac nulla sed vel enim sit amet,Message,328,false
651,52,mauris vulputate elementum nullam varius nulla facilisi cras non velit,Story,643,true
652,679,at turpis donec posuere metus,Story,195,true
653,716,odio elementum eu interdum eu tincidunt in leo maecenas,Message,864,false
654,215,malesuada in imperdiet et commodo vulputate,Story,271,false
655,233,ante ipsum primis in faucibus orci luctus,Message,632,true
656,284,ultrices erat tortor sollicitudin mi sit amet lobortis sapien,Message,591,true
657,526,nisl nunc rhoncus dui vel sem sed,Story,955,false
658,780,pulvinar lobortis est phasellus sit,Story,363,false
659,875,in leo maecenas pulvinar lobortis est,Story,406,false
660,606,in faucibus orci luctus et ultrices posuere cubilia curae duis,Story,390,false
661,590,amet lobortis sapien sapien non mi integer,Story,620,false
662,92,pellentesque eget nunc donec quis orci eget orci vehicula condimentum,Story,918,false
663,360,ut nulla sed accumsan felis ut at,Message,327,true
664,993,quam pharetra magna ac consequat metus sapien,Message,671,true
665,841,viverra dapibus nulla suscipit ligula in,Message,5,false
666,962,fusce lacus purus aliquet at feugiat non pretium,Story,860,true
667,486,quam pharetra magna ac consequat metus sapien ut nunc vestibulum,Story,293,false
668,319,mauris morbi non lectus aliquam sit amet diam in magna,Story,1,true
669,409,nec nisi vulputate nonummy maecenas tincidunt lacus at,Story,260,false
670,973,lobortis convallis tortor risus dapibus,Message,250,false
671,87,turpis nec euismod scelerisque quam,Story,688,false
672,36,justo sit amet sapien dignissim vestibulum vestibulum ante ipsum,Story,919,true
673,37,nam congue risus semper porta volutpat quam pede,Story,966,false
674,126,eu massa donec dapibus duis,Message,167,false
675,243,in hac habitasse platea dictumst maecenas ut,Story,614,false
676,131,turpis donec posuere metus vitae ipsum aliquam non mauris morbi,Message,568,false
677,556,venenatis turpis enim blandit mi in porttitor pede justo,Message,33,true
678,341,elementum eu interdum eu tincidunt,Story,920,false
679,917,eget semper rutrum nulla nunc purus phasellus in,Message,834,true
680,463,imperdiet nullam orci pede venenatis non sodales sed tincidunt eu,Message,28,false
681,105,interdum mauris non ligula pellentesque ultrices phasellus id,Message,715,false
682,784,augue quam sollicitudin vitae consectetuer eget rutrum at lorem,Story,702,true
683,273,accumsan odio curabitur convallis duis consequat,Message,903,false
684,388,sit amet sapien dignissim vestibulum vestibulum,Story,15,true
685,17,sit amet sem fusce consequat nulla nisl nunc nisl,Message,261,true
686,692,vel enim sit amet nunc viverra dapibus nulla suscipit,Story,982,true
687,972,erat tortor sollicitudin mi sit amet lobortis sapien sapien non,Story,672,false
688,832,donec dapibus duis at velit eu est congue elementum,Message,126,true
689,600,ac consequat metus sapien ut nunc vestibulum ante ipsum,Story,432,true
690,43,montes nascetur ridiculus mus etiam vel augue,Story,120,true
691,452,ultrices posuere cubilia curae donec pharetra magna vestibulum aliquet ultrices,Message,25,false
692,894,mauris non ligula pellentesque ultrices phasellus id,Message,350,true
693,337,tortor sollicitudin mi sit amet,Message,33,false
694,589,proin leo odio porttitor id consequat in consequat ut,Message,673,false
695,757,justo eu massa donec dapibus duis at,Story,276,false
696,553,ipsum praesent blandit lacinia erat vestibulum sed magna at nunc,Story,936,false
697,812,sem praesent id massa id nisl venenatis lacinia,Message,602,false
698,176,ut nunc vestibulum ante ipsum primis in faucibus orci,Message,132,false
699,161,aliquet pulvinar sed nisl nunc rhoncus dui,Story,379,true
700,487,ornare consequat lectus in est risus auctor sed tristique,Story,426,false
701,697,erat quisque erat eros viverra eget congue eget semper,Story,936,false
702,93,vestibulum ante ipsum primis in faucibus orci luctus,Message,879,true
703,779,rutrum at lorem integer tincidunt ante vel ipsum praesent blandit,Message,433,false
704,818,blandit mi in porttitor pede justo eu,Message,175,false
705,841,mauris laoreet ut rhoncus aliquet pulvinar sed nisl nunc rhoncus,Story,137,true
706,354,non velit donec diam neque vestibulum eget vulputate ut ultrices,Message,749,true
707,304,vestibulum ante ipsum primis in faucibus orci luctus et ultrices,Story,29,false
708,6,integer a nibh in quis,Message,990,false
709,150,ut mauris eget massa tempor convallis,Story,311,true
710,165,nulla ut erat id mauris vulputate elementum nullam varius nulla,Message,811,false
711,514,vestibulum ante ipsum primis in faucibus,Story,405,false
712,972,et ultrices posuere cubilia curae mauris viverra diam vitae,Story,381,true
713,544,augue aliquam erat volutpat in congue etiam justo etiam,Story,508,true
714,105,odio donec vitae nisi nam ultrices libero non mattis,Message,733,false
715,743,volutpat in congue etiam justo etiam pretium iaculis,Story,208,true
716,527,amet diam in magna bibendum imperdiet,Story,1,true
717,294,augue quam sollicitudin vitae consectetuer eget,Message,825,false
718,756,sit amet lobortis sapien sapien,Story,786,true
719,375,pulvinar sed nisl nunc rhoncus dui,Message,337,true
720,557,integer non velit donec diam neque,Message,398,false
721,445,eu nibh quisque id justo,Message,345,false
722,257,pellentesque viverra pede ac diam,Story,823,false
723,923,ante ipsum primis in faucibus orci luctus,Story,779,true
724,875,justo sit amet sapien dignissim vestibulum vestibulum,Message,709,true
725,640,placerat ante nulla justo aliquam quis turpis eget elit,Message,449,false
726,660,proin interdum mauris non ligula,Message,494,false
727,806,tempus sit amet sem fusce,Message,332,false
728,643,fringilla rhoncus mauris enim leo rhoncus sed vestibulum sit,Story,477,true
729,263,pede morbi porttitor lorem id ligula suspendisse ornare consequat,Message,275,false
730,179,lectus in quam fringilla rhoncus mauris,Story,553,true
731,137,pharetra magna vestibulum aliquet ultrices erat tortor sollicitudin mi sit,Story,861,false
732,818,magna ac consequat metus sapien ut nunc,Story,430,false
733,246,vulputate vitae nisl aenean lectus,Message,500,false
734,845,sed vel enim sit amet nunc,Story,92,false
735,943,vestibulum rutrum rutrum neque aenean auctor,Message,81,false
736,166,maecenas pulvinar lobortis est phasellus sit amet,Story,302,true
737,444,posuere cubilia curae donec pharetra magna,Story,685,false
738,696,magna vestibulum aliquet ultrices erat tortor sollicitudin mi sit amet,Story,649,false
739,509,sapien non mi integer ac neque duis bibendum morbi,Story,249,true
740,371,vestibulum ante ipsum primis in faucibus orci luctus et,Story,621,false
741,231,id ornare imperdiet sapien urna pretium nisl ut volutpat,Message,963,true
742,654,libero quis orci nullam molestie,Message,200,false
743,454,cubilia curae duis faucibus accumsan odio,Story,828,false
744,945,enim in tempor turpis nec euismod scelerisque quam turpis,Message,369,true
745,803,non quam nec dui luctus rutrum,Message,590,true
746,130,vestibulum ante ipsum primis in faucibus orci,Story,904,true
747,405,vel accumsan tellus nisi eu orci mauris lacinia sapien,Message,784,true
748,137,morbi ut odio cras mi pede malesuada in imperdiet,Story,720,false
749,354,pellentesque quisque porta volutpat erat quisque,Message,527,false
750,830,dapibus augue vel accumsan tellus nisi eu orci,Story,558,true
751,143,magna bibendum imperdiet nullam orci,Story,693,false
752,17,morbi non quam nec dui,Message,268,false
753,857,eget vulputate ut ultrices vel augue vestibulum,Message,622,false
754,321,ultrices erat tortor sollicitudin mi sit amet lobortis,Message,731,true
755,838,nullam orci pede venenatis non sodales sed tincidunt,Story,980,false
756,349,felis sed lacus morbi sem mauris laoreet ut,Story,847,true
757,377,purus sit amet nulla quisque,Message,239,false
758,253,vel accumsan tellus nisi eu orci mauris lacinia,Story,610,true
759,562,eros suspendisse accumsan tortor quis turpis,Story,797,true
760,861,id luctus nec molestie sed justo pellentesque,Message,359,false
761,243,lacus morbi quis tortor id,Message,212,true
762,803,duis bibendum felis sed interdum venenatis turpis enim,Message,641,false
763,196,justo in blandit ultrices enim lorem ipsum dolor,Message,841,false
764,594,lectus aliquam sit amet diam in magna bibendum imperdiet nullam,Message,503,true
765,827,est et tempus semper est,Message,277,false
766,647,donec ut mauris eget massa tempor convallis nulla neque libero,Story,804,true
767,369,nulla neque libero convallis eget eleifend luctus ultricies,Story,37,false
768,289,mattis egestas metus aenean fermentum donec ut,Message,432,true
769,26,in hac habitasse platea dictumst maecenas ut massa quis,Story,35,false
770,497,sed ante vivamus tortor duis mattis egestas metus,Story,311,true
771,44,dapibus dolor vel est donec odio justo sollicitudin,Story,209,false
772,129,rutrum nulla tellus in sagittis dui,Message,53,false
773,531,sem sed sagittis nam congue risus semper porta volutpat quam,Message,554,true
774,572,at lorem integer tincidunt ante vel ipsum praesent,Story,823,false
775,239,primis in faucibus orci luctus et ultrices posuere cubilia curae,Message,163,true
776,235,faucibus orci luctus et ultrices posuere cubilia curae,Message,653,false
777,784,consequat nulla nisl nunc nisl duis bibendum felis sed interdum,Story,612,true
778,590,pellentesque eget nunc donec quis orci eget orci,Message,937,false
779,911,eros viverra eget congue eget semper rutrum nulla nunc purus,Story,319,true
780,284,turpis nec euismod scelerisque quam turpis adipiscing,Message,463,false
781,868,sagittis sapien cum sociis natoque penatibus et,Message,106,false
782,923,nulla mollis molestie lorem quisque ut,Message,157,false
783,921,pellentesque ultrices mattis odio donec vitae nisi nam ultrices libero,Message,435,true
784,428,dapibus dolor vel est donec,Story,371,false
785,907,nam dui proin leo odio porttitor,Story,576,true
786,239,sapien dignissim vestibulum vestibulum ante ipsum primis in faucibus,Story,463,false
787,682,posuere cubilia curae mauris viverra diam vitae,Message,282,false
788,601,tortor quis turpis sed ante vivamus tortor,Story,922,false
789,934,volutpat eleifend donec ut dolor morbi vel lectus in,Message,818,false
790,36,vestibulum eget vulputate ut ultrices vel augue vestibulum,Story,290,true
791,874,in faucibus orci luctus et ultrices posuere cubilia curae donec,Story,362,true
792,34,nisl venenatis lacinia aenean sit amet justo morbi ut,Message,169,false
793,69,sed tristique in tempus sit amet sem fusce,Story,849,true
794,339,velit vivamus vel nulla eget eros elementum pellentesque,Story,394,false
795,873,sapien dignissim vestibulum vestibulum ante ipsum primis in,Story,628,false
796,429,vitae mattis nibh ligula nec sem,Message,670,true
797,410,nonummy maecenas tincidunt lacus at velit vivamus vel,Message,160,false
798,541,lacus morbi quis tortor id nulla ultrices,Message,714,false
799,882,in faucibus orci luctus et,Story,409,true
800,1,mauris lacinia sapien quis libero nullam sit amet turpis,Message,655,true
801,285,libero nam dui proin leo odio porttitor id consequat,Message,311,true
802,243,cras mi pede malesuada in imperdiet et commodo,Story,596,false
803,264,sagittis nam congue risus semper porta volutpat quam pede,Message,182,true
804,445,venenatis turpis enim blandit mi in porttitor pede justo,Story,122,true
805,92,luctus et ultrices posuere cubilia curae mauris viverra diam,Message,760,false
806,271,velit donec diam neque vestibulum eget vulputate ut ultrices,Message,88,false
807,393,vel est donec odio justo sollicitudin ut suscipit,Message,912,true
808,704,varius integer ac leo pellentesque ultrices mattis,Message,734,true
809,903,pellentesque volutpat dui maecenas tristique est et,Story,113,false
810,986,faucibus cursus urna ut tellus nulla ut erat id,Message,292,true
811,674,lorem integer tincidunt ante vel ipsum praesent blandit lacinia erat,Story,365,false
812,641,mus etiam vel augue vestibulum rutrum rutrum,Story,561,true
813,13,libero rutrum ac lobortis vel dapibus at,Story,270,true
814,847,cubilia curae duis faucibus accumsan odio curabitur convallis duis consequat,Message,35,true
815,859,ultrices mattis odio donec vitae,Message,285,true
816,872,lacinia sapien quis libero nullam sit amet turpis elementum,Story,146,true
817,802,sollicitudin vitae consectetuer eget rutrum at,Story,247,false
818,645,ipsum aliquam non mauris morbi non lectus aliquam,Story,932,false
819,805,tincidunt lacus at velit vivamus,Story,641,false
820,529,imperdiet nullam orci pede venenatis non sodales sed,Message,459,true
821,268,justo maecenas rhoncus aliquam lacus morbi,Story,784,false
822,969,faucibus orci luctus et ultrices posuere cubilia curae,Story,793,false
823,117,nonummy integer non velit donec diam neque vestibulum eget vulputate,Message,211,false
824,632,eu tincidunt in leo maecenas pulvinar lobortis est phasellus sit,Story,826,false
825,257,ultrices posuere cubilia curae duis faucibus,Story,60,false
826,409,ligula nec sem duis aliquam convallis nunc proin at turpis,Message,102,false
827,73,vulputate nonummy maecenas tincidunt lacus at velit vivamus,Story,155,false
828,928,odio curabitur convallis duis consequat,Message,859,true
829,764,ultrices erat tortor sollicitudin mi sit amet lobortis sapien,Message,250,true
830,632,ullamcorper purus sit amet nulla quisque arcu libero rutrum ac,Story,156,false
831,181,justo sollicitudin ut suscipit a feugiat et eros,Message,527,false
832,951,id justo sit amet sapien dignissim vestibulum vestibulum ante ipsum,Story,507,true
833,626,pretium iaculis diam erat fermentum justo,Story,557,false
834,940,volutpat dui maecenas tristique est et tempus,Message,873,true
835,441,odio elementum eu interdum eu tincidunt in leo maecenas,Story,60,false
836,532,lacus at velit vivamus vel,Message,691,true
837,782,ipsum dolor sit amet consectetuer adipiscing elit proin interdum,Message,156,false
838,94,consequat nulla nisl nunc nisl,Story,433,true
839,238,vitae ipsum aliquam non mauris morbi non,Story,309,true
840,733,id lobortis convallis tortor risus dapibus augue vel accumsan,Message,684,true
841,308,consequat metus sapien ut nunc vestibulum,Story,950,true
842,84,mi sit amet lobortis sapien,Story,94,false
843,981,ante ipsum primis in faucibus,Message,593,true
844,947,sit amet eleifend pede libero quis orci nullam,Story,534,true
845,505,vel augue vestibulum ante ipsum primis in faucibus orci,Story,372,true
846,683,ac diam cras pellentesque volutpat dui maecenas tristique,Message,395,false
847,880,convallis tortor risus dapibus augue vel accumsan,Message,88,false
848,489,porttitor id consequat in consequat,Story,554,false
849,961,ligula sit amet eleifend pede libero quis orci nullam molestie,Story,526,false
850,481,augue luctus tincidunt nulla mollis molestie lorem quisque,Story,382,false
851,313,non pretium quis lectus suspendisse potenti in eleifend,Message,350,true
852,373,nisi at nibh in hac habitasse platea dictumst,Message,575,false
853,840,vitae nisl aenean lectus pellentesque eget nunc donec,Message,666,true
854,28,tortor risus dapibus augue vel,Message,287,false
855,552,a suscipit nulla elit ac nulla sed vel enim,Story,663,false
856,838,eros suspendisse accumsan tortor quis turpis sed ante vivamus,Message,97,false
857,408,ipsum integer a nibh in quis justo maecenas rhoncus,Message,274,true
858,683,faucibus orci luctus et ultrices posuere cubilia,Message,868,false
859,837,sagittis nam congue risus semper porta volutpat quam pede lobortis,Message,616,false
860,247,felis eu sapien cursus vestibulum proin eu mi nulla ac,Message,720,true
861,150,in tempor turpis nec euismod scelerisque quam turpis,Story,53,true
862,894,ultrices libero non mattis pulvinar nulla pede ullamcorper augue,Story,556,true
863,394,et ultrices posuere cubilia curae mauris viverra,Message,982,true
864,298,vitae consectetuer eget rutrum at lorem,Message,465,true
865,65,luctus tincidunt nulla mollis molestie,Story,298,false
866,48,accumsan odio curabitur convallis duis consequat dui nec nisi,Message,710,false
867,329,vestibulum sagittis sapien cum sociis natoque,Story,482,false
868,978,in porttitor pede justo eu massa,Message,471,false
869,960,dui luctus rutrum nulla tellus in,Message,776,false
870,422,auctor sed tristique in tempus,Story,134,false
871,971,sapien cum sociis natoque penatibus et magnis dis parturient montes,Message,217,false
872,53,interdum in ante vestibulum ante ipsum primis in,Message,742,true
873,497,vivamus in felis eu sapien,Message,10,true
874,456,pede libero quis orci nullam molestie nibh,Story,191,false
875,365,donec quis orci eget orci,Message,979,false
876,645,tristique fusce congue diam id ornare imperdiet,Story,32,false
877,446,fusce consequat nulla nisl nunc nisl duis,Story,242,false
878,599,augue quam sollicitudin vitae consectetuer eget rutrum at,Message,201,false
879,991,quis turpis eget elit sodales scelerisque,Message,956,false
880,962,blandit lacinia erat vestibulum sed magna,Message,412,true
881,301,morbi vestibulum velit id pretium iaculis,Story,618,false
882,359,porta volutpat erat quisque erat eros viverra eget,Story,60,false
883,746,vestibulum ac est lacinia nisi venenatis tristique,Story,93,true
884,340,platea dictumst morbi vestibulum velit id pretium iaculis,Message,196,true
885,999,magna vulputate luctus cum sociis natoque penatibus et,Story,391,true
886,745,at vulputate vitae nisl aenean lectus pellentesque eget,Message,167,false
887,764,elementum ligula vehicula consequat morbi a ipsum integer a,Message,30,false
888,233,enim lorem ipsum dolor sit amet consectetuer adipiscing elit,Message,517,true
889,865,cursus urna ut tellus nulla ut erat id mauris,Story,362,false
890,240,eget tempus vel pede morbi porttitor lorem id,Story,520,true
891,978,sit amet lobortis sapien sapien non mi integer ac,Story,663,false
892,201,molestie nibh in lectus pellentesque at nulla suspendisse potenti cras,Message,165,true
893,29,cubilia curae mauris viverra diam vitae quam suspendisse potenti nullam,Story,5,false
894,764,mollis molestie lorem quisque ut erat,Message,686,false
895,899,in congue etiam justo etiam pretium,Story,584,true
896,769,mauris ullamcorper purus sit amet nulla quisque arcu libero,Message,511,true
897,867,quis odio consequat varius integer ac leo,Story,507,true
898,341,leo maecenas pulvinar lobortis est,Story,623,false
899,730,pulvinar lobortis est phasellus sit amet erat,Message,520,true
900,180,eleifend luctus ultricies eu nibh quisque id,Story,116,true
901,977,eget eleifend luctus ultricies eu nibh quisque id justo,Message,352,true
902,596,sollicitudin ut suscipit a feugiat et eros,Message,531,true
903,859,etiam faucibus cursus urna ut tellus nulla ut,Story,710,true
904,910,mattis pulvinar nulla pede ullamcorper,Story,623,true
905,69,in faucibus orci luctus et ultrices posuere cubilia,Message,357,true
906,537,curabitur gravida nisi at nibh in hac,Story,289,true
907,795,leo pellentesque ultrices mattis odio donec vitae nisi,Message,825,false
908,489,ipsum dolor sit amet consectetuer adipiscing,Message,500,true
909,75,habitasse platea dictumst morbi vestibulum,Message,786,false
910,711,amet diam in magna bibendum imperdiet nullam,Message,958,true
911,901,enim blandit mi in porttitor pede justo,Story,896,true
912,101,diam erat fermentum justo nec condimentum,Story,279,false
913,540,magnis dis parturient montes nascetur,Story,749,true
914,432,et ultrices posuere cubilia curae nulla dapibus dolor vel est,Message,325,true
915,822,in consequat ut nulla sed accumsan,Message,402,false
916,253,vel pede morbi porttitor lorem id,Story,668,false
917,518,lectus suspendisse potenti in eleifend quam a odio in hac,Message,339,false
918,472,auctor sed tristique in tempus sit amet,Story,315,true
919,80,dui vel nisl duis ac nibh fusce lacus purus aliquet,Story,437,false
920,448,sit amet lobortis sapien sapien non mi integer ac,Message,696,false
921,978,rutrum ac lobortis vel dapibus,Story,587,false
922,879,arcu sed augue aliquam erat volutpat in,Story,749,true
923,535,quisque erat eros viverra eget congue,Story,961,true
924,286,augue luctus tincidunt nulla mollis molestie lorem quisque ut erat,Message,136,true
925,315,tristique fusce congue diam id ornare imperdiet sapien urna,Story,72,false
926,472,sit amet nunc viverra dapibus nulla,Story,657,false
927,227,duis faucibus accumsan odio curabitur convallis duis,Message,823,true
928,11,fusce congue diam id ornare imperdiet sapien urna pretium nisl,Story,618,true
929,941,augue quam sollicitudin vitae consectetuer eget rutrum at lorem,Story,938,true
930,639,vel lectus in quam fringilla rhoncus mauris enim leo rhoncus,Message,207,true
931,66,at turpis a pede posuere nonummy integer non velit donec,Story,749,false
932,813,non pretium quis lectus suspendisse,Story,771,true
933,147,sem fusce consequat nulla nisl nunc,Story,959,false
934,259,luctus et ultrices posuere cubilia curae nulla,Story,722,false
935,93,parturient montes nascetur ridiculus mus etiam vel augue vestibulum,Story,734,true
936,653,tellus nisi eu orci mauris lacinia sapien quis,Message,33,true
937,373,amet consectetuer adipiscing elit proin risus praesent,Message,741,true
938,219,purus aliquet at feugiat non pretium quis lectus suspendisse potenti,Message,883,true
939,353,eget elit sodales scelerisque mauris,Story,583,false
940,936,interdum venenatis turpis enim blandit mi in porttitor pede,Story,295,false
941,78,odio condimentum id luctus nec molestie sed justo pellentesque viverra,Story,9,true
942,262,elit proin interdum mauris non ligula pellentesque,Story,846,false
943,822,in consequat ut nulla sed accumsan felis ut at dolor,Message,734,true
944,233,sit amet diam in magna bibendum,Story,599,true
945,107,nam ultrices libero non mattis pulvinar nulla pede ullamcorper,Message,24,true
946,753,vitae mattis nibh ligula nec sem duis,Message,787,false
947,676,augue quam sollicitudin vitae consectetuer eget rutrum at lorem,Message,558,false
948,985,amet nulla quisque arcu libero rutrum,Message,235,true
949,339,odio cras mi pede malesuada in,Story,501,true
950,166,dapibus augue vel accumsan tellus nisi eu orci,Story,434,true
951,861,ultrices erat tortor sollicitudin mi sit amet lobortis,Story,680,true
952,664,lectus vestibulum quam sapien varius ut,Story,86,true
953,252,ullamcorper augue a suscipit nulla elit ac nulla sed vel,Message,665,false
954,630,vivamus metus arcu adipiscing molestie hendrerit at vulputate vitae nisl,Story,919,true
955,334,erat quisque erat eros viverra eget,Story,363,true
956,749,dolor quis odio consequat varius integer,Message,119,true
957,311,laoreet ut rhoncus aliquet pulvinar sed,Message,862,true
958,766,vitae quam suspendisse potenti nullam porttitor lacus at turpis donec,Message,885,false
959,204,augue aliquam erat volutpat in congue etiam justo etiam,Story,649,true
960,919,praesent blandit lacinia erat vestibulum sed magna at nunc commodo,Message,238,false
961,749,a pede posuere nonummy integer non velit donec,Story,926,true
962,934,lorem vitae mattis nibh ligula nec sem,Story,248,true
963,680,nisi vulputate nonummy maecenas tincidunt lacus at velit vivamus,Story,473,false
964,679,posuere cubilia curae mauris viverra,Story,705,true
965,869,vulputate elementum nullam varius nulla facilisi cras,Story,352,true
966,281,ut massa quis augue luctus tincidunt nulla mollis,Story,791,true
967,699,convallis morbi odio odio elementum eu interdum,Story,891,true
968,184,a pede posuere nonummy integer non velit donec diam,Message,518,false
969,300,potenti nullam porttitor lacus at,Message,898,false
970,934,vel sem sed sagittis nam congue risus semper,Story,245,true
971,598,ornare consequat lectus in est risus auctor sed,Message,935,false
972,29,integer tincidunt ante vel ipsum,Message,258,false
973,991,odio justo sollicitudin ut suscipit a feugiat et eros vestibulum,Story,316,true
974,675,eros vestibulum ac est lacinia,Story,324,true
975,88,fermentum justo nec condimentum neque sapien,Story,109,true
976,930,justo sit amet sapien dignissim vestibulum vestibulum ante ipsum,Story,301,true
977,729,nunc proin at turpis a pede posuere nonummy integer,Story,38,false
978,792,turpis integer aliquet massa id lobortis convallis,Message,755,false
979,839,proin leo odio porttitor id consequat in consequat ut nulla,Story,828,true
980,827,condimentum neque sapien placerat ante nulla justo,Message,610,false
981,140,est quam pharetra magna ac,Story,394,false
982,967,consequat varius integer ac leo pellentesque ultrices mattis odio,Message,256,false
983,82,feugiat non pretium quis lectus suspendisse potenti in,Message,891,false
984,696,morbi quis tortor id nulla ultrices aliquet maecenas,Message,977,false
985,252,erat tortor sollicitudin mi sit amet lobortis sapien,Message,443,false
986,380,eu massa donec dapibus duis at velit eu est congue,Story,877,true
987,529,sit amet lobortis sapien sapien non mi integer,Story,841,false
988,828,in lacus curabitur at ipsum ac tellus semper interdum mauris,Message,716,false
989,925,ut blandit non interdum in ante vestibulum ante,Story,899,false
990,58,nibh quisque id justo sit amet sapien dignissim vestibulum vestibulum,Message,610,true
991,380,non velit nec nisi vulputate,Message,366,false
992,553,quam sollicitudin vitae consectetuer eget rutrum at lorem integer,Story,106,false
993,655,luctus et ultrices posuere cubilia curae mauris,Story,190,true
994,785,dapibus duis at velit eu est congue elementum,Message,475,true
995,292,enim lorem ipsum dolor sit amet,Story,217,false
996,312,augue a suscipit nulla elit,Story,827,true
997,664,iaculis justo in hac habitasse platea dictumst,Message,889,true
998,168,est risus auctor sed tristique in tempus sit amet sem,Message,466,true
999,924,molestie sed justo pellentesque viverra pede ac diam,Story,248,true
1000,345,rutrum neque aenean auctor gravida sem,Message,594,false
